topic,keyword,difficulty,is_active
동물,사자,NORMAL,true
동물,캥거루,NORMAL,true
동물,원숭이,NORMAL,true
동물,고릴라,NORMAL,true
동물,상어,NORMAL,true
동물,펭귄,NORMAL,true
동물,토끼,NORMAL,true
동물,코끼리,NORMAL,true
동물,기린,NORMAL,true
동물,악어,NORMAL,true
동물,뱀,NORMAL,true
동물,닭,NORMAL,true
동물,말,NORMAL,true
동물,고양이,NORMAL,true
동물,강아지,NORMAL,true
동물,타조,NORMAL,true
동물,나무늘보,NORMAL,true
동물,게,NORMAL,true
동물,오징어,NORMAL,true
동물,미어캣,NORMAL,true
동물,판다,NORMAL,true
동물,개구리,NORMAL,true
동물,모기,NORMAL,true
동물,비둘기,NORMAL,true
동물,알파카,NORMAL,true
운동,축구,NORMAL,true
운동,농구,NORMAL,true
운동,야구,NORMAL,true
운동,골프,NORMAL,true
운동,볼링,NORMAL,true
운동,수영,NORMAL,true
운동,양궁,NORMAL,true
운동,복싱,NORMAL,true
운동,스키,NORMAL,true
운동,서핑,NORMAL,true
운동,탁구,NORMAL,true
운동,역도,NORMAL,true
운동,펜싱,NORMAL,true
운동,씨름,NORMAL,true
운동,줄다리기,NORMAL,true
운동,태권도,NORMAL,true
운동,피겨 스케이팅,NORMAL,true
운동,테니스,NORMAL,true
운동,배드민턴,NORMAL,true
운동,배구,NORMAL,true
운동,클라이밍,NORMAL,true
운동,컬링,NORMAL,true
악기,기타,NORMAL,true
악기,바이올린,NORMAL,true
악기,드럼,NORMAL,true
악기,피아노,NORMAL,true
악기,플루트,NORMAL,true
악기,색소폰,NORMAL,true
악기,첼로,NORMAL,true
직업,요리사,NORMAL,true
직업,소방관,NORMAL,true
직업,의사,NORMAL,true
직업,미용사,NORMAL,true
직업,사진작가,NORMAL,true
직업,가수,NORMAL,true
직업,발레리나,NORMAL,true
직업,마술사,NORMAL,true
직업,화가,NORMAL,true
직업,야구 선수,NORMAL,true
직업,지휘자,NORMAL,true
직업,경찰관,NORMAL,true
직업,세신사,NORMAL,true
직업,경호원,NORMAL,true
직업,아나운서,NORMAL,true
직업,판사,NORMAL,true
직업,보디빌더,NORMAL,true
직업,농부,NORMAL,true
음식,회전초밥,NORMAL,true
음식,치킨,NORMAL,true
음식,마라탕,NORMAL,true
음식,아이스크림,NORMAL,true
음식,수박,NORMAL,true
음식,바나나,NORMAL,true
음식,옥수수,NORMAL,true
음식,피자,NORMAL,true
음식,삼겹살,NORMAL,true
음식,칼국수,NORMAL,true
음식,비빔밥,NORMAL,true
음식,산낙지,NORMAL,true
음식,스테이크,NORMAL,true
영화,스파이더맨,NORMAL,true
영화,헐크,NORMAL,true
영화,아이언맨,NORMAL,true
영화,알라딘,NORMAL,true
영화,E.T.,NORMAL,true
영화,해리포터,NORMAL,true
영화,터미네이터,NORMAL,true
영화,라이온킹,NORMAL,true
영화,겨울왕국,NORMAL,true
