수정,기능,분류,종류,이름,설명,Method,Event,Endpoint,백엔드 구현 상태,프론트 구현 상태,권한,인증 토큰
No,세션,프 -> 백,API,사용자 세션 생성,닉네임 입력 후 게스트 accessToken 발급,POST,,/api/sessions,미구현,미구현,전체,불필요
No,방,프 -> 백,API,방 생성,새 방을 만들고 생성자가 방장이 됨,POST,,/api/rooms,미구현,미구현,사용자,필요
No,방,프 -> 백,API,방 참가,코드/링크로 기존 방에 입장,POST,,/api/rooms/join,미구현,미구현,사용자,필요
No,방,프 -> 백,API,방 나가기,현재 방에서 자발적으로 퇴장,DELETE,,/api/rooms/{roomId}/members/me,미구현,미구현,방 참가자,필요
No,방,프 -> 백,API,게임 시작,방장이 대기방에서 확정한 코스대로 진행 시작,POST,,/api/rooms/{roomId}/start,미구현,미구현,방장,필요
No,방,프->백->프,WebSocket,방 실시간 연결,방 상태 동기화·시그널링용 STOMP 연결 수립,,connect,/ws/rooms/{roomId},미구현,미구현,방 참가자,필요
No,방,프->백->프,WS Event,WebRTC Offer 전달,화상통화 연결을 위한 offer SDP 중계,,webrtc:offer,/ws/rooms/{roomId},미구현,미구현,방 참가자,필요
No,방,프->백->프,WS Event,WebRTC Answer 전달,화상통화 연결을 위한 answer SDP 중계,,webrtc:answer,/ws/rooms/{roomId},미구현,미구현,방 참가자,필요
No,방,프->백->프,WS Event,ICE Candidate 전달,WebRTC 연결 후보 정보 중계,,webrtc:ice-candidate,/ws/rooms/{roomId},미구현,미구현,방 참가자,필요
No,방,백 -> 프,WS Event,멤버 입장 전파,새 참가자 입장을 다른 참가자들에게 알림,,member:joined,/ws/rooms/{roomId},미구현,미구현,방 참가자,필요
No,방,백 -> 프,WS Event,멤버 퇴장 전파,참가자 퇴장(자발적/강퇴/타임아웃)을 알림,,member:left,/ws/rooms/{roomId},미구현,미구현,방 참가자,필요
No,방,백 -> 프,WS Event,게임 선택 변경 전파,대기방에서 코스(게임 목록/순서) 설정이 바뀐 것을 알림,,member:game-updated,/ws/rooms/{roomId},미구현,미구현,방 참가자,필요
No,방,백 -> 프,WS Event,준비 상태 변경 전파,참가자의 준비 완료 상태 변경을 알림,,member:ready-updated,/ws/rooms/{roomId},미구현,미구현,방 참가자,필요
No,방,백 -> 프,WS Event,게임 시작 전파,코스의 다음 게임(세션)이 시작됨을 알림,,game:started,/ws/rooms/{roomId},미구현,미구현,방 참가자,필요
No,게임 공통,백 -> 프,WS Event,게임 라운드 결과 브로드캐스트,저장된 라운드 결과를 방 참가자 전체에 실시간 전파,,game:round-result,/ws/rooms/{roomId},미구현,미구현,방 참가자,필요
No,물건 가져오기,프 -> 백,API,이번 라운드 제시 물건 조회,이번 라운드에 찾아야 할 물건(제시어)을 Spring이 MySQL에서 뽑아 응답,GET,,/api/games/{gameId}/fetch-object/mission,미구현,미구현,방 참가자,필요
No,물건 가져오기,프 -> AI -> 프,API,물건 인식 요청,카메라 프레임 속 물체가 무엇인지 분류만 해서 응답(정답 여부는 판단 안 함),POST,,/ai/games/{gameId}/fetch-object/detections,미구현,미구현,방 참가자,필요
No,물건 가져오기,프 -> 백,API,물건 인증 제출,AI가 분류한 물체 결과를 제출하면 Spring이 정답 여부와 제출 순서를 즉시 응답,POST,,/api/games/{gameId}/fetch-object/submissions,미구현,미구현,방 참가자,필요
No,몸으로 말해요,프 -> 백,API,제시어 조회,출제자가 이번 라운드 제시어를 조회,GET,,/api/games/{gameId}/charades/word,미구현,미구현,출제자,필요
No,몸으로 말해요,프 -> 백,API,정답 채팅 제출,채팅으로 정답을 시도하고 정답 여부를 즉시 응답받음,POST,,/api/games/{gameId}/charades/guesses,미구현,미구현,방 참가자,필요
No,몸으로 말해요,백 -> 프,WS Event,채팅 메세지 브로드캐스트,제출된 채팅 내용을 방 참가자 전체에 실시간 전파,,chat:message-received,/ws/rooms/{roomId},미구현,미구현,방 참가자,필요
No,손동작 스킬 배틀,프 -> AI,WebSocket,AI 게임 소켓 연결 확인,손동작 좌표 연속 전송용 AI 서버 소켓 연결 수립,,connect,/ws/ai/games/{gameId},미구현,미구현,방 참가자,필요
No,손동작 스킬 배틀,프 -> AI -> 프,API,라운드 손동작 시퀀스 조회,이번 라운드에 완성 가능한 후보 스킬(손동작 콤보) 조회,GET,,/ai/games/{gameId}/ninja/sequence,미구현,미구현,방 참가자,필요
No,손동작 스킬 배틀,프 -> AI,WS Event,손동작 미디어파이프 좌표 전송,손 랜드마크 좌표를 프레임마다 연속 전송,,gesture:frame,/ws/ai/games/{gameId},미구현,미구현,방 참가자,필요
No,손동작 스킬 배틀,AI -> 프,WS Event,손동작 시퀀스 판정 결과,완성된 콤보와 공격 판정 결과를 비동기로 수신,,gesture:sequence-judged,/ws/ai/games/{gameId},미구현,미구현,방 참가자,필요
No,손동작 스킬 배틀,프 -> 백,API,게임 라운드 결과 저장,프론트가 중계한 AI의 손동작 콤보 판정 결과를 라운드 결과로 Redis에 반영,POST,,/api/games/{gameId}/result,미구현,미구현,방 참가자,필요
