이름,설명,Endpoint,Event,Method,권한,기능,백엔드 구현 상태,분류,수정,인증 토큰,종류,프론트 구현 상태
사용자 세션 생성,닉네임 입력 후 게스트 accessToken 발급,/api/sessions,,POST,전체,세션,미구현,프 -> 백,No,불필요,API,미구현
방 생성,새 방을 만들고 생성자가 방장이 됨,/api/rooms,,POST,사용자,방,미구현,프 -> 백,No,필요,API,미구현
방 참가,코드/링크로 기존 방에 입장,/api/rooms/join,,POST,사용자,방,미구현,프 -> 백,No,필요,API,미구현
방 나가기,현재 방에서 자발적으로 퇴장,/api/rooms/{roomId}/members/me,,DELETE,방 참가자,방,미구현,프 -> 백,No,필요,API,미구현
준비 상태 변경,현재 참가자의 준비 완료 상태를 변경,/api/rooms/{roomId}/members/me/ready,,PATCH,방 참가자,방,구현,프 -> 백,No,필요,API,미구현
게임 시작,방장이 대기방에서 확정한 코스대로 진행 시작,/api/rooms/{roomId}/start,,POST,방장,방,미구현,프 -> 백,No,필요,API,미구현
방 실시간 연결,방 상태 동기화·시그널링용 STOMP 연결 수립,/ws/rooms/{roomId},connect,,방 참가자,방,미구현,프->백->프,No,필요,WebSocket,미구현
WebRTC Offer 전달,화상통화 연결을 위한 offer SDP 중계,/ws/rooms/{roomId},webrtc:offer,,방 참가자,방,미구현,프->백->프,No,필요,WS Event,미구현
WebRTC Answer 전달,화상통화 연결을 위한 answer SDP 중계,/ws/rooms/{roomId},webrtc:answer,,방 참가자,방,미구현,프->백->프,No,필요,WS Event,미구현
ICE Candidate 전달,WebRTC 연결 후보 정보 중계,/ws/rooms/{roomId},webrtc:ice-candidate,,방 참가자,방,미구현,프->백->프,No,필요,WS Event,미구현
멤버 입장 전파,새 참가자 입장을 다른 참가자들에게 알림,/ws/rooms/{roomId},member:joined,,방 참가자,방,미구현,백 -> 프,No,필요,WS Event,미구현
멤버 퇴장 전파,참가자 퇴장(자발적/강퇴/타임아웃)을 알림,/ws/rooms/{roomId},member:left,,방 참가자,방,미구현,백 -> 프,No,필요,WS Event,미구현
게임 선택 변경 전파,대기방에서 코스(게임 목록/순서) 설정이 바뀐 것을 알림,/ws/rooms/{roomId},member:game-updated,,방 참가자,방,미구현,백 -> 프,No,필요,WS Event,미구현
준비 상태 변경 전파,참가자의 준비 완료 상태와 전원 준비 여부를 알림,/ws/rooms/{roomId},member:ready-updated,,방 참가자,방,구현,백 -> 프,No,필요,WS Event,미구현
게임 시작 전파,코스의 다음 게임(세션)이 시작됨을 알림,/ws/rooms/{roomId},game:started,,방 참가자,방,미구현,백 -> 프,No,필요,WS Event,미구현
게임 라운드 결과 브로드캐스트,저장된 라운드 결과를 방 참가자 전체에 실시간 전파,/ws/rooms/{roomId},game:round-result,,방 참가자,게임 공통,미구현,백 -> 프,No,필요,WS Event,미구현
이번 라운드 제시 물건 조회,이번 라운드에 찾아야 할 물건(제시어)을 Spring이 MySQL에서 뽑아 응답,/api/games/{gameId}/fetch-object/mission,,GET,방 참가자,물건 가져오기,미구현,프 -> 백,No,필요,API,미구현
물건 인식 요청,카메라 프레임 속 물체가 무엇인지 분류만 해서 응답(정답 여부는 판단 안 함),/ai/games/{gameId}/fetch-object/detections,,POST,방 참가자,물건 가져오기,미구현,프 -> AI -> 프,No,필요,API,미구현
물건 인증 제출,AI가 분류한 물체 결과를 제출하면 Spring이 정답 여부와 제출 순서를 즉시 응답,/api/games/{gameId}/fetch-object/submissions,,POST,방 참가자,물건 가져오기,미구현,프 -> 백,No,필요,API,미구현
제시어 조회,출제자가 이번 라운드 제시어를 조회,/api/games/{gameId}/charades/word,,GET,출제자,몸으로 말해요,미구현,프 -> 백,No,필요,API,미구현
정답 채팅 제출,채팅으로 정답을 시도하고 정답 여부를 즉시 응답받음,/api/games/{gameId}/charades/guesses,,POST,방 참가자,몸으로 말해요,미구현,프 -> 백,No,필요,API,미구현
채팅 메세지 브로드캐스트,제출된 채팅 내용을 방 참가자 전체에 실시간 전파,/ws/rooms/{roomId},chat:message-received,,방 참가자,몸으로 말해요,미구현,백 -> 프,No,필요,WS Event,미구현
AI 게임 소켓 연결 확인,손동작 좌표 연속 전송용 AI 서버 소켓 연결 수립,/ws/ai/games/{gameId},connect,,방 참가자,손동작 스킬 배틀,미구현,프 -> AI,No,필요,WebSocket,미구현
라운드 손동작 시퀀스 조회,이번 라운드에 완성 가능한 후보 스킬(손동작 콤보) 조회,/ai/games/{gameId}/ninja/sequence,,GET,방 참가자,손동작 스킬 배틀,미구현,프 -> AI -> 프,No,필요,API,미구현
손동작 미디어파이프 좌표 전송,손 랜드마크 좌표를 프레임마다 연속 전송,/ws/ai/games/{gameId},gesture:frame,,방 참가자,손동작 스킬 배틀,미구현,프 -> AI,No,필요,WS Event,미구현
손동작 시퀀스 판정 결과,완성된 콤보와 공격 판정 결과를 비동기로 수신,/ws/ai/games/{gameId},gesture:sequence-judged,,방 참가자,손동작 스킬 배틀,미구현,AI -> 프,No,필요,WS Event,미구현
게임 라운드 결과 저장,프론트가 중계한 AI의 손동작 콤보 판정 결과를 라운드 결과로 Redis에 반영,/api/games/{gameId}/result,,POST,방 참가자,손동작 스킬 배틀,미구현,프 -> 백,No,필요,API,미구현
